{
  "cwt_scales": [
    3.1622776601683795,
    3.4738921120831154,
    3.816213407949356,
    4.192267435236917,
    4.605378255822415,
    5.059197488435825,
    5.557736586486878,
    6.1054022965853285,
    6.707035611184306,
    7.367954559661629,
    8.094001216083123,
    8.89159333916464,
    9.76778110089489,
    10.73030940526156,
    11.787686347935873,
    12.949258422052617,
    14.225293134853692,
    15.627069765469948,
    17.166979066078603,
    18.858632787726496,
    20.716983998953076,
    22.758459260747887,
    25.001103826179296,
    27.464741148160517,
    30.17114810529294,
    33.14424749466426,
    36.41031949310673,
    39.99823395608933,
    43.939705607607905,
    48.26957437677871,
    53.02611335911985,
    58.25136712468924,
    63.99152336349263,
    70.29732115325471,
    77.22449945836259,
    84.83428982440716,
    93.19395762340775,
    102.37739663395848,
    112.46578221198196,
    123.54828882567456,
    135.72287829716538,
    149.0971657184063,
    163.78937069540646,
    179.92936232915517,
    197.65980717016328,
    217.13743029375175,
    238.53440064314188,
    262.0398528858349,
    287.8615592354568,
    316.22776601683796
  ],
  "cwt_wavelet": "cmor5.0-1.0",
  "cwt_width": 5.0,
  "dwt_wavelet": "db4",
  "dwt_levels": 6,
  "freq_bands": {
    "delta": [
      1,
      4
    ],
    "theta": [
      4,
      8
    ],
    "alpha": [
      8,
      13
    ],
    "beta": [
      13,
      30
    ],
    "gamma": [
      30,
      100
    ]
  },
  "sampling_rate": 128.0,
  "n_trials": 880,
  "n_channels": 64,
  "n_timepoints": 1152,
  "feature_dimensions": 2304
}