{
  "k_clusters": 50,
  "svm_c": 10.0,
  "mean_accuracy": 0.528409090909091,
  "mean_precision": 0.5236898541695973,
  "mean_recall": 0.5711971243753139,
  "mean_f1": 0.545133790272569
}